Termo de pesquisa,Unidade,Seção,URL,Título,Resumo,Data
,Comando da Aeronáutica,DOU - Seção 3,http://pesquisa.in.gov.br/imprensa/jsp/visualiza/index.jsp?data=06/08/2026&jornal=530&pagina=11,AVISO DE LICITAÇÃO,"<p>Modalidade: Pregão 216/2026 / Número do processo: 67278.003075/2026-19 / Objeto: Aquisição de materiais e medicamentos veterinários para atender ao Pelotão de Cães de Guerra (PCG) e equinos do Pelotão de Policia Montada (PPMont) do Esquadrão de Policia da Aeronáutica (EPA) do Grupo de Segurança e Defesa de Canoas (GSD-CO), responsáveis por operações de faro e de patrulha montada no âmbito da BACO, nos termos da tabela abaixo, conforme condições e exigências estabelecidas neste instrumento.</p><p>Data de início de recebimento de propostas: 06/08/2026, 09:00. Forma de apresentação: Eletrônica</p><p>Data de Abertura: 18/08/2026, 09:10</p><p>Endereço eletrônico do Edital: https://cnetmobile.estaleiro.serpro.gov.br/comprasnet-web/public/compras/acompanhamento-compra?compra=12062905002162026</p><p class=""assina"">FAGNER OLIVEIRA DA SILVA</p><p class=""cargo"">Agente de contratação</p>",06/08/2026
,Comando da Aeronáutica,DOU - Seção 3,http://pesquisa.in.gov.br/imprensa/jsp/visualiza/index.jsp?data=06/08/2026&jornal=530&pagina=10,AVISO DE LICITAÇÃO,"<p>Modalidade: Pregão 47/2026 / Número do processo: 67101000118202618 / Objeto: Contratação de serviços continuados de suporte logístico para as aeronaves H-50 da Força Aérea Brasileira (FAB), compreendendo a aquisição de materiais aeronáuticos e a manutenção de itens reparáveis</p><p>Data de início de recebimento de propostas: 06/08/2026, 09:00. Forma de apresentação: Eletrônica</p><p>Data de Abertura: 20/08/2026, 10:00</p><p>Endereço eletrônico do Edital: https://cnetmobile.estaleiro.serpro.gov.br/comprasnet-web/public/compras/acompanhamento-compra?compra=12007105000472026</p><p class=""assina"">NAYRA OLIVEIRA SILVA</p><p class=""cargo"">Auxiliar da Seção de Procedimentos Licitatórios</p>",06/08/2026
,Comando da Aeronáutica,DOU - Seção 3,http://pesquisa.in.gov.br/imprensa/jsp/visualiza/index.jsp?data=06/08/2026&jornal=530&pagina=10,AVISO DE LICITAÇÃO,"<p>Modalidade: Pregão 186/2026 / Número do processo: 67613.021851/2026-04 / Objeto: Contratação de empresa especializada para prestação de serviço de içamento de cargas, mediante disponibilização de guindaste autopropelido, operador habilitado, ajudante, Plano de Rigging, seguro e demais acessórios necessários, para retirada e reinstalação de 2 (duas) antenas e 1 (um) pedestal do Radar TA-10 do Destacamento de Controle do Espaço Aéreo de Foz do Iguaçu (DTCEA-FI)</p><p>Data de início de recebimento de propostas: 06/08/2026, 08:00. Forma de apresentação: Eletrônica</p><p>Data de Abertura: 20/08/2026, 09:00</p><p>Endereço eletrônico do Edital: https://cnetmobile.estaleiro.serpro.gov.br/comprasnet-web/public/compras/acompanhamento-compra?compra=12007205001862026</p><p class=""assina"">MARIANA BARBOSA VILAS BOAS</p><p class=""cargo"">p/ Equipe de apoio</p>",06/08/2026
,Comando da Aeronáutica,DOU - Seção 3,http://pesquisa.in.gov.br/imprensa/jsp/visualiza/index.jsp?data=06/08/2026&jornal=530&pagina=10,AVISO DE LICITAÇÃO,"<p>Modalidade: Pregão 184/2026 / Número do processo: 67613.049513/2024-67 / Objeto: Contratação de serviços de Substituição do revestimento do piso da Seção de Odontologia</p><p>Data de início de recebimento de propostas: 06/08/2026, 08:00. Forma de apresentação: Eletrônica</p><p>Data de Abertura: 20/08/2026, 09:00</p><p>Endereço eletrônico do Edital: https://cnetmobile.estaleiro.serpro.gov.br/comprasnet-web/public/compras/acompanhamento-compra?compra=12007205001842026</p><p class=""assina"">MARIANA BARBOSA VILAS BOAS</p><p class=""cargo"">p/ Equipe de apoio</p>",06/08/2026
,Comando da Aeronáutica,DOU - Seção 3,http://pesquisa.in.gov.br/imprensa/jsp/visualiza/index.jsp?data=06/08/2026&jornal=530&pagina=11,AVISO DE LICITAÇÃO,"<p>Modalidade: Pregão 152/2026 / Número do processo: 67532.005013/2025-02 / Objeto: Aquisição de equipamentos permanentes para o Grupo de Saúde de Lagoa Santa (GSAU-LS)</p><p>Data de início de recebimento de propostas: 06/08/2026, 08:00. Forma de apresentação: Eletrônica</p><p>Data de Abertura: 18/08/2026, 09:00</p><p>Endereço eletrônico do Edital: https://cnetmobile.estaleiro.serpro.gov.br/comprasnet-web/public/compras/acompanhamento-compra?compra=12063605001522026</p><p class=""assina"">TAIS REGINA DOS SANTOS PORTO</p><p class=""cargo"">p/ Equipe de apoio</p>",06/08/2026
,Comando da Aeronáutica,DOU - Seção 3,http://pesquisa.in.gov.br/imprensa/jsp/visualiza/index.jsp?data=06/08/2026&jornal=530&pagina=11,AVISO DE LICITAÇÃO,"<p>Modalidade: Pregão 50/2026 / Número do processo: 67532.000649/2026-31 / Objeto: AQUISIÇÃO DE MATERIAL DESCARTÁVEL, ACONDICIONAMENTO E EMBALAGEM</p><p>Data de início de recebimento de propostas: 06/08/2026, 08:00. Forma de apresentação: Eletrônica</p><p>Data de Abertura: 18/08/2026, 09:00</p><p>Endereço eletrônico do Edital: https://cnetmobile.estaleiro.serpro.gov.br/comprasnet-web/public/compras/acompanhamento-compra?compra=12063605000502026</p><p class=""assina"">RAFAEL DO CARMO DAMASCENO</p><p class=""cargo"">p/ Equipe de apoio</p>",06/08/2026
,Comando da Aeronáutica,DOU - Seção 3,http://pesquisa.in.gov.br/imprensa/jsp/visualiza/index.jsp?data=06/08/2026&jornal=530&pagina=11,AVISO DE LICITAÇÃO,"<p>Modalidade: Pregão 187/2026 / Número do processo: 67616.000630/2026-64 / Objeto: Contratação do Serviço de Manutenção da Pavimentação Asfáltica das Vilas Militares da Guarnição de Aeronáutica de Curitiba</p><p>Data de início de recebimento de propostas: 06/08/2026, 08:00. Forma de apresentação: Eletrônica</p><p>Data de Abertura: 20/08/2026, 09:00</p><p>Endereço eletrônico do Edital: https://cnetmobile.estaleiro.serpro.gov.br/comprasnet-web/public/compras/acompanhamento-compra?compra=12007205001872026</p><p class=""assina"">MARIANA BARBOSA VILAS BOAS</p><p class=""cargo"">p/ Equipe de apoio</p>",06/08/2026
,Comando da Aeronáutica,DOU - Seção 3,http://pesquisa.in.gov.br/imprensa/jsp/visualiza/index.jsp?data=06/08/2026&jornal=530&pagina=10,AVISO DE LICITAÇÃO,"<p>Modalidade: Pregão 155/2026 / Número do processo: 67710.004260/2026-66 / Objeto: Aquisição de Proteínas na classificação de carne suína, pescados e mariscos</p><p>Data de início de recebimento de propostas: 06/08/2026, 10:00. Forma de apresentação: Eletrônica</p><p>Data de Abertura: 24/08/2026, 10:00</p><p>Endereço eletrônico do Edital: https://cnetmobile.estaleiro.serpro.gov.br/comprasnet-web/public/compras/acompanhamento-compra?compra=12001305001552026</p><p class=""assina"">IRANEUDE DA SILVA MORAIS</p><p class=""cargo"">Membro da comissão de contratação</p>",06/08/2026
,Comando da Aeronáutica,DOU - Seção 3,http://pesquisa.in.gov.br/imprensa/jsp/visualiza/index.jsp?data=06/08/2026&jornal=530&pagina=11,AVISO DE LICITAÇÃO,"<p>Modalidade: Pregão 292/2026 / Número do processo: 67260.000326/2026-94 / Objeto: Serviço de elaboração de projeto executivo e implantação de usina fotovoltaica</p><p>Data de início de recebimento de propostas: 06/08/2026, 10:00. Forma de apresentação: Eletrônica</p><p>Data de Abertura: 20/08/2026, 10:00</p><p>Endereço eletrônico do Edital: https://cnetmobile.estaleiro.serpro.gov.br/comprasnet-web/public/compras/acompanhamento-compra?compra=12063305002922026</p><p class=""assina"">JOESER SOARES DE CARVALHO</p><p class=""cargo"">Gestor de Licitações</p>",06/08/2026
,Comando da Aeronáutica,DOU - Seção 3,http://pesquisa.in.gov.br/imprensa/jsp/visualiza/index.jsp?data=06/08/2026&jornal=530&pagina=10,EDITAL DE NOTIFICAÇÃO,"<p>O DEPARTAMENTO DE CONTROLE DO ESPAÇO AÉREO (DECEA), no uso da competência que lhe confere o inciso VIII do art. 4° do ROCA 20-7 ""Regulamento do DECEA"", aprovado pela Portaria n° 1.668/GC3, de 16 de setembro de 2013, considerando o disposto nos artigos 8° e 9° da Lei n° 6.009/73, combinado com o parágrafo 4° do artigo 14, da Lei n° 7.565/86 - Código Brasileiro de Aeronáutica, combinado com o parágrafo único, incisos V e X, do artigo 2°, inciso II do artigo 3°, parágrafo 4° do artigo 26, artigo 28 e o artigo 66 da Lei n° 9.784/99, combinado com o inciso IV do artigo 8° da Lei n° 6.830/80, considerando ainda que a Empresa Brasileira de Correios e Telégrafos - ECT, devolveu a notificação de inadimplência encaminhada para o endereço declarado por parte da Empresa/Proprietário/Explorador ou Operador, no processo administrativo de cobrança de Tarifas de Navegação Aérea, não comprovando assim a entrega ao efetivo destinatário, resolve:</p><p>NOTIFICAR os proprietários, exploradores ou operadores de aeronaves constantes da relação abaixo especificada para que no prazo de 10 (dez) dias, a contar da data da publicação deste EDITAL, efetuem a quitação do débito referente ao não pagamento das Tarifas de Navegação Aérea ou apresentem defesa administrativa, sob pena de aplicação de sanções administrativas, sem prejuízo do possível lançamento em dívida ativa da União, bem como a efetiva execução fiscal</p><p>Caso o valor apontado como inadimplido tenha sido quitado, deverá o proprietário, operador ou explorador da aeronave remeter o respectivo comprovante para efetiva baixa no apontamento.</p><p>Por fim, informa que o endereço eletrônico: https://servicos2.decea.mil.br/sac/index.cfm?a=tarifas está disponível para a solicitação das GRU/Faturas que viabilizarão o pagamento da dívida, bem como para apresentação de defesa administrativa.</p><p>Relação de Proprietários, exploradores ou operadores de aeronaves:</p><p></p><p></p><table><tr><td colspan=""1"" rowspan=""1""><p>PROCESSO Nº</p></td><td colspan=""1"" rowspan=""1""><p>PROPRIETÁRIO/</p><p>OPERADOR</p></td><td colspan=""1"" rowspan=""1""><p>CPF/CNPJ</p></td><td colspan=""1"" rowspan=""1""><p>VALOR PRINCIPAL</p></td></tr><tr><td colspan=""1"" rowspan=""1""><p>S/NUP</p></td><td colspan=""1"" rowspan=""1""><p>RAYSA NASCENTE JORCELINO</p></td><td colspan=""1"" rowspan=""1""><p>XXX.XXX.471-00</p></td><td colspan=""1"" rowspan=""1""><p>R$ 387,20</p></td></tr><tr><td colspan=""1"" rowspan=""1""><p>S/NUP</p></td><td colspan=""1"" rowspan=""1""><p>GERSON LUIZ COSTA</p></td><td colspan=""1"" rowspan=""1""><p>XXX.XXX.367-04</p></td><td colspan=""1"" rowspan=""1""><p>R$ 1.454,75</p></td></tr><tr><td colspan=""1"" rowspan=""1""><p>S/NUP</p></td><td colspan=""1"" rowspan=""1""><p>GILDEON DE OLIVEIRA SOUZA</p></td><td colspan=""1"" rowspan=""1""><p>XXX.XXX.825-72</p></td><td colspan=""1"" rowspan=""1""><p>R$ 3.680,12</p></td></tr><tr><td colspan=""1"" rowspan=""1""><p>4152/ATAN3RP/2026</p></td><td colspan=""1"" rowspan=""1""><p>ALIAR ADMINISTRADORA DE AERONAVES LTDA</p></td><td colspan=""1"" rowspan=""1""><p>37.994.725/0001-52</p></td><td colspan=""1"" rowspan=""1""><p>R$ 27.660,77</p></td></tr><tr><td colspan=""1"" rowspan=""1""><p>4160/ATAN3RP/2026</p></td><td colspan=""1"" rowspan=""1""><p>ADVENTURE COMERCIO LTDA</p></td><td colspan=""1"" rowspan=""1""><p>23.862.347/0001-49</p></td><td colspan=""1"" rowspan=""1""><p>R$ 3.633,70</p></td></tr><tr><td colspan=""1"" rowspan=""1""><p>4153/ATAN3RP/2026</p></td><td colspan=""1"" rowspan=""1""><p>CERQUEIRA LOG TRANPORTE &amp; LOGISTICA LTDA</p></td><td colspan=""1"" rowspan=""1""><p>67.061.842/0001-24</p></td><td colspan=""1"" rowspan=""1""><p>R$ 301,46</p></td></tr><tr><td colspan=""1"" rowspan=""1""><p>4155/ATAN3RP/2026</p></td><td colspan=""1"" rowspan=""1""><p>HAACKE EMPREENDIMENTOS IMOBILIÁRIOS LTDA</p></td><td colspan=""1"" rowspan=""1""><p>06.081.065/0001-95</p></td><td colspan=""1"" rowspan=""1""><p>R$ 322,61</p></td></tr><tr><td colspan=""1"" rowspan=""1""><p>4162/ATAN3RP/2026</p></td><td colspan=""1"" rowspan=""1""><p>KP ATIVA INTERMEDIACAO E EVENTOS LTDA</p></td><td colspan=""1"" rowspan=""1""><p>53.046.571/0001-23</p></td><td colspan=""1"" rowspan=""1""><p>R$ 11.111,55</p></td></tr><tr><td colspan=""1"" rowspan=""1""><p>4161/ATAN3RP/2026</p></td><td colspan=""1"" rowspan=""1""><p>SILVIO DONIZETE DE OLIVEIRA</p></td><td colspan=""1"" rowspan=""1""><p>XXX.XXX.946-91</p></td><td colspan=""1"" rowspan=""1""><p>R$ 1.454,75</p></td></tr></table><p>Ten Brig Ar SÉRGIO RODRIGUES PEREIRA BASTOS JÚNIOR</p><p class=""cargo"">Diretor-Geral do DECEA</p>",06/08/2026
,Comando da Aeronáutica,DOU - Seção 3,http://pesquisa.in.gov.br/imprensa/jsp/visualiza/index.jsp?data=06/08/2026&jornal=530&pagina=11,EXTRATO DE CONTRATO Nº 11/2026 - UASG 120630,"<p>Nº Processo: 67615.039390/2025-17.</p><p>Inexigibilidade Nº 225/2026. Contratante: GRUPAMENTO DE APOIO DE MANAUS.</p><p>Contratado: 01.634.845/0001-00 - SERVICO DE AGUA E ESGOTO DE RIO BRANCO. Objeto: Contratação de empresa especializada em serviço de fornecimento de água e coleta de esgotos sanitários ao hotel de trânsito do destacamento de controle do espaço aéreo de rio branco (dtcea-rb).</p><p>Fundamento Legal: LEI 14.133/2021 - Artigo: 74 - Inciso: CAPUT. Vigência: início 15/07/2026 com prazo indeterminado. Valor Estimado anual: R$ 26.062,32. Data de Assinatura: 15/07/2026.</p><p>(COMPRASNET 4.0 - 11/03/2026).</p>",06/08/2026
,Comando da Aeronáutica,DOU - Seção 3,http://pesquisa.in.gov.br/imprensa/jsp/visualiza/index.jsp?data=06/08/2026&jornal=530&pagina=11,EXTRATO DE CONTRATO Nº 13/2026 - UASG 120630,"<p>Nº Processo: 67615.002806/2026-22.</p><p>Inexigibilidade Nº 211/2026. Contratante: GRUPAMENTO DE APOIO DE MANAUS.</p><p>Contratado: 61.067.902/0001-30 - AGUAS DO PARA B SPE S.A.. Objeto: Contratação de empresa especializada em serviço de fornecimento de água e coleta de esgotos sanitários à eacea-viseu no estado do pará..</p><p>Fundamento Legal: LEI 14.133/2021 - Artigo: 74 - Inciso: CAPUT. Vigência: 29/07/2026, com prazo indeterminado. Valor estimado anual: R$ 1.935,12. Data de Assinatura: 29/07/2026.</p><p>(COMPRASNET 4.0 - 29/07/2026).</p>",06/08/2026
,Comando da Aeronáutica,DOU - Seção 3,http://pesquisa.in.gov.br/imprensa/jsp/visualiza/index.jsp?data=06/08/2026&jornal=530&pagina=11,EXTRATO DE CONTRATO Nº 23/2026 - UASG 928680,"<p>Processo nº SD-ADM-2026/00240. Termo de Contrato nº 0024-SV/2026/0030. Contratante: NAV BRASIL SERVIÇOS DE NAVEGAÇÃO AÉREA S.A. Representantes: Sr. JOSÉ POMPEU DOS MAGALHÃES BRASIL FILHO, Presidente, e Sr. CARLOS ROBERTO SANTOS, Diretor de Administração. Contratada: JUMPER SEGURANÇA E VIGILÂNCIA PATRIMONIAL LTDA., CNPJ nº 26.886.266/0001-77. Representante: Sr. RAFAEL DA SILVA MOTA. Objeto: prestação de serviços comuns contínuos de vigilância desarmada, com dedicação exclusiva de mão de obra, para a Dependência da NAV Brasil em Guarulhos/SP (DNGR). Valor global: R$ 2.269.862,31 (dois milhões duzentos e sessenta e nove mil oitocentos e sessenta e dois reais e trinta e um centavos). Vigência: 30 (trinta) meses. Fundamentação legal: art. 68 da Lei nº 13.303, de 30 de junho de 2016, e art. 71 do Regulamento Interno de Licitações e Contratos da NAV Brasil - RILC. Recursos Próprios. Data da Assinatura: 04/08/2026.</p>",06/08/2026
,Comando da Aeronáutica,DOU - Seção 3,http://pesquisa.in.gov.br/imprensa/jsp/visualiza/index.jsp?data=06/08/2026&jornal=530&pagina=11,EXTRATO DE CONTRATO Nº 61/2025 - UASG 120630,"<p>Nº Processo: 67615.015759/2025-04.</p><p>Concorrência Nº 90006/2025. Contratante: GRUPAMENTO DE APOIO DE MANAUS.</p><p>Contratado: 05.410.666/0001-31 - FOCUS EMPREENDIMENTOS LTDA. Objeto: Contratação de obra para construção de rede de combate a incêndio no dtcea-bv - boa vista-rr, em proveito do quarto centro integrado de defesa aérea e controle de tráfego aéreo - cindacta iv, conforme condições e exigências estabelecidas no termo de referência..</p><p>Fundamento Legal: LEI 14.133/2021 - Artigo: 28 - Inciso: II. Vigência: 27/07/2026 a 27/09/2027. Prazo de execução: 27/07/2026 a 24/03/2027. Valor Total: R$ 782.000,00. Data de Assinatura: 17/07/2026.</p><p>(COMPRASNET 4.0 - 17/07/2026).</p>",06/08/2026
,Comando da Aeronáutica,DOU - Seção 3,http://pesquisa.in.gov.br/imprensa/jsp/visualiza/index.jsp?data=06/08/2026&jornal=530&pagina=10,EXTRATO DE TERMO ADITIVO Nº 3/2026 - UASG 120060,"<p>Número do Contrato: 11/2023.</p><p>Nº Processo: 67510.017252/2022-11.</p><p>Pregão. Nº 16/2022. Contratante: ACADEMIA DA FORCA AEREA. Contratado: 46.538.607/0001-20 - J. F. ALVES DE MORAIS LTDA. Objeto: 1.1.1. Prorrogar o prazo da vigência do contrato nº 011/afa-fays/2023, por 12 (doze) meses, contemplando-se, nesta ocasião, o período de 01/09/2026 a 31/08/2027;</p><p>1.1.2 reajustar o valor contratual conforme previsão legal, haja vista o decurso do prazo de 12 meses da apresentação da planilha de custos iniciais, calculados com base no índice ipca (ibge).. Vigência: 01/09/2026 a 31/08/2027. Valor Total Atualizado do Contrato: R$ 745.881,81. Data de Assinatura: 03/08/2026.</p><p>(COMPRASNET 4.0 - 06/08/2026).</p>",06/08/2026
