URL;Título;Resumo;Data
http://pesquisa.in.gov.br/imprensa/jsp/visualiza/index.jsp?data=03/09/2026&jornal=530&pagina=13;AVISO DE LICITAÇÃO;<p>Modalidade: Pregão 209/2026 / Número do processo: 67613.045858/2025-22 / Objeto: Aquisição de Material Laboratorial</p><p>Data de início de recebimento de propostas: 03/09/2026, 08:00. Forma de apresentação: Eletrônica</p><p>Data de Abertura: 21/09/2026, 09:00</p><p>Endereço eletrônico do Edital: https://cnetmobile.estaleiro.serpro.gov.br/comprasnet-web/public/compras/acompanhamento-compra?compra=12007205002092026</p><p class="assina">MARIANA BARBOSA VILAS BOAS</p><p class="cargo">p/ Equipe de apoio</p>;03/09/2026
http://pesquisa.in.gov.br/imprensa/jsp/visualiza/index.jsp?data=03/09/2026&jornal=530&pagina=13;AVISO DE LICITAÇÃO;<p>Modalidade: Concorrência 56/2026 / Número do processo: 67272.002689/2026-25 / Objeto: Contratação de empresa especializada para a construção de edificacão técnica e instalação dos sistemas elétricos e hidráulicos com laudo hidrogeológico e limpeza e desinfecção dos poços e ponteiras com profundidade de até 60m, visando garantir o abastecimento contínuo e seguro para as instalações da Base Aérea de Florianópolis (BAFL).</p><p>Data de início de recebimento de propostas: 03/09/2026, 09:00. Forma de apresentação: Eletrônica</p><p>Data de Abertura: 18/09/2026, 09:00</p><p>Endereço eletrônico do Edital: https://cnetmobile.estaleiro.serpro.gov.br/comprasnet-web/public/compras/acompanhamento-compra?compra=12007303000562026</p><p class="assina">LUAN CARLOS BENDOTTI</p><p class="cargo">p/ Equipe de apoio</p>;03/09/2026
http://pesquisa.in.gov.br/imprensa/jsp/visualiza/index.jsp?data=03/09/2026&jornal=530&pagina=12;AVISO DE LICITAÇÃO;<p>Modalidade: Pregão 40/2026 / Número do processo: 67540.001626/2026-44 / Objeto: Aquisição de material permanente para refeitórios, copa e cozinha industrial</p><p>Data de início de recebimento de propostas: 03/09/2026, 09:00. Forma de apresentação: Eletrônica</p><p>Data de Abertura: 16/09/2026, 09:00</p><p>Endereço eletrônico do Edital: https://cnetmobile.estaleiro.serpro.gov.br/comprasnet-web/public/compras/acompanhamento-compra?compra=12006405000402026</p><p class="assina">THAIANNE DE OLIVEIRA ASSIS NOLASCO</p><p class="cargo">Pregoeiro</p>;03/09/2026
http://pesquisa.in.gov.br/imprensa/jsp/visualiza/index.jsp?data=03/09/2026&jornal=530&pagina=12;AVISO DE LICITAÇÃO;<p>Modalidade: Pregão 24/2026 / Número do processo: 67540.004657/2026-57 / Objeto: Aquisição de materiais odontológicos e peças para a Seção Odontológica do Grupo de Saúde de Guaratinguetá (GSAU-GW)</p><p>Data de início de recebimento de propostas: 03/09/2026, 09:00. Forma de apresentação: Eletrônica</p><p>Data de Abertura: 17/09/2026, 09:00</p><p>Endereço eletrônico do Edital: https://cnetmobile.estaleiro.serpro.gov.br/comprasnet-web/public/compras/acompanhamento-compra?compra=12006405000242026</p><p class="assina">THAIANNE DE OLIVEIRA ASSIS NOLASCO</p><p class="cargo">Pregoeiro</p>;03/09/2026
http://pesquisa.in.gov.br/imprensa/jsp/visualiza/index.jsp?data=03/09/2026&jornal=530&pagina=12;AVISO DE LICITAÇÃO;<p>Modalidade: Pregão 94/2026 / Número do processo: 67224.004691/2025-23 / Objeto: Prestação de serviços de conservação e limpeza para o GSAU-SV</p><p>Data de início de recebimento de propostas: 03/09/2026, 08:00. Forma de apresentação: Eletrônica</p><p>Data de Abertura: 21/09/2026, 10:00</p><p>Endereço eletrônico do Edital: https://cnetmobile.estaleiro.serpro.gov.br/comprasnet-web/public/compras/acompanhamento-compra?compra=12002305000942026</p><p class="assina">SAULO CALDAS DESOUZART</p><p class="cargo">Ordenador de Despesas</p>;03/09/2026
http://pesquisa.in.gov.br/imprensa/jsp/visualiza/index.jsp?data=03/09/2026&jornal=530&pagina=12;AVISO DE LICITAÇÃO;<p>Modalidade: Pregão 839/2026 / Número do processo: 67720.001880/2026-24 / Objeto: Contratação de serviços de lavanderia, incluindo recolhimento do material, lavagem, passadoria, empacotamento e entrega, conforme condições, quantidades e exigências estabelecidas no Edital e seus anexos.</p><p>Data de início de recebimento de propostas: 04/09/2026, 08:00. Forma de apresentação: Eletrônica</p><p>Data de Abertura: 21/09/2026, 08:00</p><p>Endereço eletrônico do Edital: https://cnetmobile.estaleiro.serpro.gov.br/comprasnet-web/public/compras/acompanhamento-compra?compra=12001605008392026</p><p class="assina">PLINIO SILVA DE FARIAS</p><p class="cargo">Agente de contratação</p>;03/09/2026
http://pesquisa.in.gov.br/imprensa/jsp/visualiza/index.jsp?data=03/09/2026&jornal=530&pagina=14;AVISO DE LICITAÇÃO;<p>Modalidade: Pregão 212/2026 / Número do processo: 67278.000012/2025-11 / Objeto: Aquisição de Material de consumo do Bloco Cirúrgico e Cirurgia Bariátrica, em proveito do Hospital de Aeronáutica de Canoas (HACO)</p><p>Data de início de recebimento de propostas: 03/09/2026, 09:00. Forma de apresentação: Eletrônica</p><p>Data de Abertura: 16/09/2026, 09:10</p><p>Endereço eletrônico do Edital: https://cnetmobile.estaleiro.serpro.gov.br/comprasnet-web/public/compras/acompanhamento-compra?compra=12062905002122026</p><p class="assina">FAGNER OLIVEIRA DA SILVA</p><p class="cargo">Agente de contratação</p>;03/09/2026
http://pesquisa.in.gov.br/imprensa/jsp/visualiza/index.jsp?data=03/09/2026&jornal=530&pagina=13;AVISO DE LICITAÇÃO;<p>O Centro de Aquisições Específicas (CAE) do Comando da Aeronáutica, CNPJ 00.394.429/0174-29, faz saber que venderá, através do leiloeiro público João Emilio de Oliveira Filho, matrícula JUCERJA nº 45, em leilões online a serem realizados no site www.joaoemilio.com.br, no dia 24/09/2026, com início às 10h para venda de veículos, viaturas e sucatas, chassi / REG FAB AKZ2897, APX1283, AQF1607, ATJ5I75, AWA7726, AWA7760, AWQ8I41, AYW5B96, BFG2180, BPJ8576, CDV1168, CDV1B94, CTK3G19, CZA1769, DJL1659, DJM0F44, DJM0F45, DJM0G15, DJM2C74, DJP0B87, DJP1J09, DJP5C22, DKI9975, DKI9J69, DMN4A57, EEF2C18, EEF3H87, EEF7I78, EEF8099, EZB4J81, FCA0975, FFA3165, FKE2I60, GMF5606, GMF5F60, GMF7288, GMF7853, GMF7E33, GMF7I54, GUP3552, GUW9J50, HFB1D66, HQH9297, HSH1093, HSH1316, HSH1624, HSH1728, HSH1740, HSH2069, HSH2079, HSH4970, HTO0219, HTO1768, HTO2048, HTO2078, HTO2156, HTO2744, ILU2499, IUE9H82, JFQ4285, JFQ5875, JGC5831, JHN9243, JID9939, JJE2587, JJE2747, JJL6588, JJL6608, JJL6618, JJV5151, JKK6278, JKP4810, JSH6408, KJJ7462, KJP9866, KKG9151, KOA8424, KOS1789, KPP2335, KPQ3852, KPR5139, KQJ2A26, KRO1908, KVB9739, KVM5353, KVM9J48, KWA9175, KWE7379, KWT3912, KXC5145, KXQ3654, KYH0425, LKT4408, LKW8087, LLG6707, LLI9788, LLM2326, LLM6686, LLN5507, LLN5655, LLN9459, LOY8253, LPJ3J97, LPL6741, LPM8G84, LPY5240, LQM1687, LQM9803, LQS4B69, LQV2861, LRL9489, LRO2271, LTH1207, LUZ4503, MYR2953, NNV4783, NNW4732, NQS8J15, NUX7193, NXV6245, NZK6373, OJS4744, OJS4794, OJS4824, OJS6654, OKB5065, OVQ5912, OVS8796, OWC1827, PAF3734, PEN6032, PEP5025, PET1734, PFW1C79, REC3G23, REC3G62, REG6A37, 00DE128, 07DE167, 10DE092, 10DE162, 11DE104, 13DE522, 13DE535, 14DE051, 14DE296, 18CE087, 19CE218, 19CE233, 23CE096, 72DE083, 87DE669, 97GE166 e 99DE127 e no dia 24/09/2026, com início às 13h para venda de materiais, eletrônicos, equipamentos e sucatas diversas, estando disponível edital e condições do leilão no site, no escritório do leiloeiro e afixados nas Unidades FAB envolvidas. Rio de Janeiro, 02/09/26. Centro de Aquisições Específicas (CAE)</p><p class="data">Rio de Janeiro - RJ, 2 de setembro de 2026.</p><p class="assina">ANDREI LECA BORGES Cel INT</p><p class="cargo">Ordenador de Despesas</p>;03/09/2026
http://pesquisa.in.gov.br/imprensa/jsp/visualiza/index.jsp?data=03/09/2026&jornal=530&pagina=14;AVISO DE LICITAÇÃO;<p>Modalidade: Pregão 306/2026 / Número do processo: 67267.003812/2026- 02 / Objeto: Cessão de Uso de Áreas para Prestação de Serviços de Apoio Projeto Facilitar</p><p>Data de início de recebimento de propostas: 03/09/2026, 08:00. Forma de apresentação: Eletrônica</p><p>Data de Abertura: 18/09/2026, 10:00</p><p>Endereço eletrônico do Edital: https://cnetmobile.estaleiro.serpro.gov.br/comprasnet-web/public/compras/acompanhamento-compra?compra=12063305003062026</p><p class="assina">JOESER SOARES DE CARVALHO</p><p class="cargo">Gestor de Licitações</p>;03/09/2026
http://pesquisa.in.gov.br/imprensa/jsp/visualiza/index.jsp?data=03/09/2026&jornal=530&pagina=12;AVISO DE LICITAÇÃO;<p>Nº PROCESSO: 67102.260131/2026-14 OBJETO: A presente licitação tem por objeto a Aquisição de veículo automotor, novo, destinado à Adidância Aeronáutica no Peru, para atendimento das necessidades operacionais, administrativas e institucionais da missão no exterior. EDITAL: disponível a partir de 03/09/2026, no sítio eletrônico da CABW, emhttps://www2.fab.mil.br/cabw/index.php/en/sealed-bids-cabw/929-electronic-auction-260131-cabw-2026 SESSÃO PÚBLICA: 17/09/2026, às 09h00min, horário da Costa Leste dos Estados Unidos (US-EST), por meio do Sistema COMPRAER, com suporte administrativo na Comissão Aeronáutica Brasileira em Washington (CABW), situada à 1701 22nd St. N.W., Washington, D.C. 20008, Estados Unidos da América.</p><p class="assina">Cel Av FÁBIO FERREIRA SILVA</p><p class="cargo">Chefe da CABW</p>;03/09/2026
http://pesquisa.in.gov.br/imprensa/jsp/visualiza/index.jsp?data=03/09/2026&jornal=530&pagina=11;AVISO DE LICITAÇÃO;<p>Modalidade: Pregão 67/2026 / Número do processo: 67222.004726/2026-25 / Objeto: Aquisição de material de elétrico da Base Aérea de Natal, para atender às demandas da GUARNAE-NT</p><p>Data de início de recebimento de propostas: 03/09/2026, 08:00. Forma de apresentação: Eletrônica</p><p>Data de Abertura: 17/09/2026, 09:00</p><p>Endereço eletrônico do Edital: https://cnetmobile.estaleiro.serpro.gov.br/comprasnet-web/public/compras/acompanhamento-compra?compra=12063105000672026</p><p class="assina">SILVIA NATALIA SOARES MENEZES DA SILVA</p><p class="cargo">Ordernador de Despesas</p>;03/09/2026
http://pesquisa.in.gov.br/imprensa/jsp/visualiza/index.jsp?data=03/09/2026&jornal=530&pagina=14;AVISO DE LICITAÇÃO;<p>Modalidade: Pregão 79/2026 / Número do processo: 67106.004312/2026-22 / Objeto: Contratação de Licenciamento e suporte oficial do software VMware Cloud, nos termos da tabela abaixo, conforme condições e exigências Foundation para os datacenters do DECEA e DCTA.</p><p>Data de início de recebimento de propostas: 03/09/2026, 09:00. Forma de apresentação: Eletrônica</p><p>Data de Abertura: 18/09/2026, 09:00</p><p>Endereço eletrônico do Edital: https://cnetmobile.estaleiro.serpro.gov.br/comprasnet-web/public/compras/acompanhamento-compra?compra=12019505000792026</p><p class="assina">DELEANE COSTA ALMEIDA</p><p class="cargo">p/ Equipe de apoio</p>;03/09/2026
http://pesquisa.in.gov.br/imprensa/jsp/visualiza/index.jsp?data=03/09/2026&jornal=530&pagina=14;AVISO DE LICITAÇÃO;<p>Modalidade: Pregão 192/2026 / Número do processo: 67278.003564/2026-62 / Objeto: Aquisição de materiais para Central de Material e Esterilização (CME), em proveito do Hospital da Aeronáutica de Canoas - HACO</p><p>Data de início de recebimento de propostas: 03/09/2026, 09:00. Forma de apresentação: Eletrônica</p><p>Data de Abertura: 16/09/2026, 09:10</p><p>Endereço eletrônico do Edital: https://cnetmobile.estaleiro.serpro.gov.br/comprasnet-web/public/compras/acompanhamento-compra?compra=12062905001922026</p><p class="assina">FAGNER OLIVEIRA DA SILVA</p><p class="cargo">Agente de contratação</p>;03/09/2026
http://pesquisa.in.gov.br/imprensa/jsp/visualiza/index.jsp?data=03/09/2026&jornal=530&pagina=12;AVISO DE PENALIDADE;<p>APLICAÇÃO DE SANÇÃO ADMINISTRATIVA</p><p>A União, por intermédio da Escola de Especialistas de Aeronáutica, neste ato representada pelo Ordenador de Despesas, torna pública a aplicação da sanção administrativa de ADVERTÊNCIA à empresa POUSO FARMA HOSPITALAR LTDA, inscrita no CNPJ sob o nº 18.519.219/0001-67, com fundamento no art. 155, inciso I, combinado com o art. 156, inciso I e § 2º, da Lei nº 14.133/2021, e na ICA 12-23/2023 — Fiscalização e Recebimento de Bens e de Serviços e de Aplicação de Sanções Administrativas, em razão do atraso na entrega dos materiais constantes nas Notas de Empenho nº 2026NE000034, 2026NE000109 e 2026NE000145, referentes ao Pregão Eletrônico nº 90023/EEAR/2025, conforme decisão administrativa proferida no âmbito do Processo Administrativo de Apuração de Irregularidade — PAAI, Protocolo COMAER nº 67540.008180/2026-89. A sanção foi aplicada após regular notificação da empresa, apresentação de recurso administrativo e decisão final do Ordenador de Despesas.</p><p class="assina">Cel Int RODRIGO DE OLIVEIRA CORRÊA</p><p class="cargo">Ordenador de Despesas da EEAR</p>;03/09/2026
http://pesquisa.in.gov.br/imprensa/jsp/visualiza/index.jsp?data=03/09/2026&jornal=530&pagina=13;AVISO DE PENALIDADE;<p>A União, por intermédio do Segundo Centro Integrado de Defesa Aérea e Controle de Tráfego Aéreo (CINDACTA II), neste ato representado pelo Ordenador de Despesas, vem NOTIFICAR a empresa JOÃO FRANCISCO DUARTE, CNPJ nº 13.322.188/0001-36, no âmbito do PAAI nº 005/CINDACTAII/2025, da aplicação da sanção de IMPEDIMENTO DE LICITAR E CONTRATAR COM A UNIÃO pelo prazo de 06 (seis) meses, com fundamento no art. 156, inciso III, da Lei nº 14.133/2021, no item 11.2.3 do Aviso de Contratação nº 40/2024, em razão da prática das condutas previstas no art. 155, incisos III e V, da Lei nº 14.133/2021, reproduzidas nos itens 11.1.3 e 11.1.5 do Aviso de Contratação nº 40/2024, bem como do descumprimento da obrigação prevista no item 5.1 do Termo de Referência nº 366/2024, devido à não entrega do material referente à Nota de Empenho nº 2024NE001593 . Assim, fica a empresa notificada para, querendo, apresentar RECURSO, por escrito e assinado pelo responsável ou procurador/representante legal (devidamente comprovado pela anexação de cópia de documentação), conforme previsão do artigo 158 da Lei nº 14.133/2021, no prazo de 15 (quinze) dias úteis a contar da data desta publicação, dirigido a este Ordenador de Despesas, no endereço Avenida Prefeito Erasto Gaertner, 1.000, Bacacheri, Curitiba, CEP 82.510-901, Assessoria de Risco Contratual (telefone (41) 3251-5349), mesmo local onde se encontram disponíveis os autos para consulta, ou para o endereço de correio eletrônico protocolo.cindacta2@fab.mil.br. Esta publicação ocorre por não ter a notificação por vias postal e eletrônica surtido efeito, encontrando-se a requerida em lugar incerto e não sabido. Esclarece-se não se tratar de ato lesivo ao erário.</p><p class="assina">Cel Av REGILÂNIO ISAIAS AGUIAR DE MELO</p><p class="cargo">Ordenador de Despesas do CINDACTA II</p>;03/09/2026
http://pesquisa.in.gov.br/imprensa/jsp/visualiza/index.jsp?data=03/09/2026&jornal=530&pagina=13;AVISO DE PENALIDADE;<p>O COMANDANTE DO SEGUNDO CENTRO INTEGRADO DE DEFESA AÉREA E CONTROLE DE TRÁFEGO AÉREO, no uso das atribuições que lhe confere o Regimento Interno do Segundo Centro Integrado de Defesa Aérea e Controle de Tráfego Aéreo (RICA 21-85/2023), aprovado pela Portaria DECEA Nº 1.087/SDAD, de 28 AGO 2023, em conformidade com o item 3.4.10 do Manual de Contratações Públicas do COMAER, e tendo em vista os fatos apurados no Processo Administrativo de Apuração de Irregularidade (PAAI) nº 042/CINDACTAII/2024, resolve aplicar sanção administrativa à empresa GRANT FABRICA IMPORTADORA EDISTRIBUIDORA, inscrita no CNPJ 47.138.738/0001-83, a sanção de SUSPENSÃO TEMPORÁRIA DO DIREITO DE LICITAR E CONTRATAR COM A ADMINISTRAÇÃO PÚBLICA pelo prazo de 2 (dois) anos, nos termos do art. 87, inciso III, da Lei nº 8.666/1993 e item 16.2.3 do TERMO DE REFERÊNCIA Nº 002/AIMA/2023\; e itens 1.2.1 e 2.1.1, da Instrução do Comando da Aeronáutica (ICA) 12-23/2023 pela prática da conduta prevista nos itens 16.1.1 e 16.1.2 do TERMO DE REFERÊNCIA Nº 002/AIMA/2023, devido ao descumprimento de obrigação envolvendo as notas de empenho nº 2024NE000231 e 2024NE000638. Durante o procedimento, foi oportunizada à empresa a mais ampla defesa e observado o contraditório em todas as etapas, em consonância com o que estabelecem o inciso LV do art. 5º da Constituição Federal e a Lei nº 9.784 de 29 de janeiro de 1999.</p><p class="assina">Cel Av REGILÂNIO ISAIAS AGUIAR DE MELO</p><p class="cargo">Ordenador de Despesas do CINDACTA II</p>;03/09/2026
http://pesquisa.in.gov.br/imprensa/jsp/visualiza/index.jsp?data=03/09/2026&jornal=530&pagina=13;AVISO DE PENALIDADE;<p>A União, por intermédio do Segundo Centro Integrado de Defesa Aérea e Controle de Tráfego Aéreo (CINDACTA II), neste ato representado pelo Ordenador de Despesas, vem NOTIFICAR a empresa MACRO ENERGIA LTDA, inscrita no CNPJ nº 14.140.574/0001-70, no âmbito do PAAI nº 003/CINDACTAII/2026, da aplicação da sanção de de ADVERTÊNCIA e MULTA COMPENSATÓRIA DE 2% (DOIS POR CENTO) DO VALOR DO CONTRATO, com fundamento no art. 156, incisos I e II, c/c §7º, da Lei nº 14.133/2021\; item 12.2.1 e item 12.2.2 do Edital do Pregão Eletrônico nº 90015/2025\; item 12.5 do Edital\; item 12.1, alínea "a", e item 12.2 do Contrato nº 010/CINDACTAII-PACT/2025, além do item 4.4.1 do Termo de Referência nº 291/2024, observados os critérios de dosimetria estabelecidos na legislação e na regulamentação interna do COMAER, inclusive na Portaria GABAER/GC4 nº1715, de 11 de agosto de 2026, por descumprimento do cronograma físico-financeiro e na utilização de terceiros para execução de parcela principal do objeto contratual referente ao Contrato nº 010/CINDACTAII-PACT/2025 (Substituição de entrada de energia elétrica e das instalações elétricas prediais do Edifício da Vila Militar do DTCEA-CTD). Assim, fica a empresa notificada para, querendo, apresentar RECURSO, por escrito e assinado pelo responsável ou procurador/representante legal (devidamente comprovado pela anexação de cópia de documentação), conforme previsão do artigo 158 da Lei nº 14.133/2021, no prazo de 15 (quinze) dias úteis a contar da data desta publicação, dirigido a este Ordenador de Despesas, no endereço Avenida Prefeito Erasto Gaertner, 1.000, Bacacheri, Curitiba, CEP 82.510-901, Assessoria de Risco Contratual (telefone (41) 3251-5349), mesmo local onde se encontram disponíveis os autos para consulta, ou para o endereço de correio eletrônico protocolo.cindacta2@fab.mil.br. Esta publicação ocorre por não ter a notificação por vias postal e eletrônica surtido efeito, encontrando-se a requerida em lugar incerto e não sabido. Esclarece-se não se tratar de ato lesivo ao erário.</p><p class="assina">Cel Av REGILÂNIO ISAIAS AGUIAR DE MELO</p><p class="cargo">Ordenador de Despesas do CINDACTA II</p>;03/09/2026
http://pesquisa.in.gov.br/imprensa/jsp/visualiza/index.jsp?data=03/09/2026&jornal=530&pagina=13;AVISO DE PENALIDADE;<p>O COMANDANTE DO SEGUNDO CENTRO INTEGRADO DE DEFESA AÉREA E CONTROLE DE TRÁFEGO AÉREO, no uso das atribuições que lhe confere o Regimento Interno do Segundo Centro Integrado de Defesa Aérea e Controle de Tráfego Aéreo (RICA 21-85/2023), aprovado pela Portaria DECEA Nº 1.087/SDAD, de 28 AGO 2023, em conformidade com o item 3.4.10 do Manual de Contratações Públicas do COMAER, e tendo em vista os fatos apurados no Processo Administrativo de Apuração de Irregularidade (PAAI) nº 033/CINDACTAII/2024, resolve aplicar sanção administrativa à empresa C C R TISO LTDA, inscrita no CNPJ nº 18.397.808/0001-10, a sanção de IMPEDIMENTO DE LICITAR E CONTRATAR COM A UNIÃO, pelo prazo de 12 (doze) meses, com fundamento no art. 7º da Lei 10.520/2002 e item 6.1.14, alínea "f" da ICA 12-23/2023, bem como a inscrição da penalidade no SICAF, pela prática da conduta prevista no item 18.1.1. do TERMO DE REFERÊNCIA, devido ao descumprimento de obrigação assumida por meio da nota de empenho nº 2024NE000632. Durante o procedimento, foi oportunizada à empresa a mais ampla defesa e observado o contraditório em todas as etapas, em consonância com o que estabelecem o inciso LV do art. 5º da Constituição Federal e a Lei nº 9.784 de 29 de janeiro de 1999.</p><p class="assina">Cel Av REGILÂNIO ISAIAS AGUIAR DE MELO</p><p class="cargo">Ordenador de Despesas do CINDACTA II</p>;03/09/2026
http://pesquisa.in.gov.br/imprensa/jsp/visualiza/index.jsp?data=03/09/2026&jornal=530&pagina=13;AVISO DE PENALIDADE;<p>O COMANDANTE DO SEGUNDO CENTRO INTEGRADO DE DEFESA AÉREA E CONTROLE DE TRÁFEGO AÉREO, no uso das atribuições que lhe confere o Regimento Interno do Segundo Centro Integrado de Defesa Aérea e Controle de Tráfego Aéreo (RICA 21-85/2023), aprovado pela Portaria DECEA Nº 1.087/SDAD, de 28 AGO 2023, em conformidade com o item 3.4.10 do Manual de Contratações Públicas do COMAER, e tendo em vista os fatos apurados no Processo Administrativo de Apuração de Irregularidade (PAAI) nº 037/CINDACTAII/2024, resolve aplicar sanção administrativa à empresa REDNOV FERRAMENTAS LTDA (CNPJ sob o nº 45.769.285/0001-68), a sanção de IMPEDIMENTO DE LICITAR E CONTRATAR COM A UNIÃO pelo prazo de 02 (dois) anos, nos termos do item 11.2, "ii" do Pregão Eletrônico nº 109/2023, combinado com o art. 156, inciso III, da Lei nº 14.133/2021, e itens 1.2.9 e 2.1.14 da Instrução do Comando da Aeronáutica (ICA) 12-23/2023, pela prática da conduta prevista no item 11.1, alínea C, do Pregão Eletrônico nº 109/2023, devido ao descumprimento de obrigação assumida por meio das Notas de Empenho nº 2024NE753 e nº 2024NE750. Durante o procedimento, foi oportunizada à empresa a mais ampla defesa e observado o contraditório em todas as etapas, em consonância com o que estabelecem o inciso LV do art. 5º da Constituição Federal e a Lei nº 9.784 de 29 de janeiro de 1999.</p><p class="assina">Cel Av REGILÂNIO ISAIAS AGUIAR DE MELO</p><p class="cargo">Ordenador de Despesas do CINDACTA II</p>;03/09/2026
http://pesquisa.in.gov.br/imprensa/jsp/visualiza/index.jsp?data=03/09/2026&jornal=530&pagina=13;AVISO DE PENALIDADE;<p>A União, por intermédio do Segundo Centro Integrado de Defesa Aérea e Controle de Tráfego Aéreo (CINDACTA II), neste ato representado pelo Ordenador de Despesas, vem NOTIFICAR a empresa ELEGANCE ENGENHARIA E DESIGN LTDA., inscrita no CNPJ nº 32.817.519/0001-53, no âmbito do PAAI nº 004/CINDACTAII/2026, da aplicação da sanção de IMPEDIMENTO DE LICITAR E CONTRATAR PELO PRAZO DE 36 (TRINTA E SEIS) MESES, nos termos do art. 155, inciso III, c/c art. 156, inciso III e §4º, da Lei nº 14.133/2021\; item 8.1, alínea "c", e item 8.2.2 do Termo de Referência nº 379/2025\; item 14.8 do Edital do Pregão Eletrônico nº 90073/2025, por descumprimentos envolvendo o Contrato de Despesas n° 047/CINDACTAII-PACT/2025 (Conservação e manutenção dos Próprios Nacionais Residenciais n° R-1068, R-2119, R-2120 e R-2122, da Vila Militar do DTCEA-UG). Assim, fica a empresa notificada para, querendo, apresentar RECURSO, por escrito e assinado pelo responsável ou procurador/representante legal (devidamente comprovado pela anexação de cópia de documentação), conforme previsão do artigo 158 da Lei nº 14.133/2021, no prazo de 15 (quinze) dias úteis a contar da data desta publicação, dirigido a este Ordenador de Despesas, no endereço Avenida Prefeito Erasto Gaertner, 1.000, Bacacheri, Curitiba, CEP 82.510-901, Assessoria de Risco Contratual (telefone (41) 3251-5349), mesmo local onde se encontram disponíveis os autos para consulta, ou para o endereço de correio eletrônico protocolo.cindacta2@fab.mil.br. Esta publicação ocorre por não ter a notificação por vias postal e eletrônica surtido efeito, encontrando-se a requerida em lugar incerto e não sabido. Esclarece-se não se tratar de ato lesivo ao erário.</p><p class="assina">Cel Av REGILÂNIO ISAIAS AGUIAR DE MELO</p><p class="cargo">Ordenador de Despesas do CINDACTA II</p>;03/09/2026
