URL;Título;Resumo;Data;Data_Extracao
http://pesquisa.in.gov.br/imprensa/jsp/visualiza/index.jsp?data=30/09/2026&jornal=530&pagina=20;AVISO;<p>REABERTURA</p><p>Torna-se publico que o Grupamento de Apoio de Manaus, com sede na Av. Rodrigo Otavio, 770, bairro Crespo, Manaus/AM, inscrita no CNPJ sob o n. 00.394.429/0188-24 , realizara o pregão eletronico n. 184/GAP-MN/2026, com criterio de julgamento menor preco, nos termos da Lei n. 14.133, de 1 de abril de 2021, cujo objeto trata da Contratação de pessoa jurídica especializada na prestação do Serviço Móvel Pessoal (SMP), com fornecimento, em regime de comodato, de aparelhos celulares com tecnologia 5G e franquia de 20 GB de dados móveis, na modalidade pós-paga, destinados a atender às necessidades do Quarto Centro Integrado de Defesa Aérea e Controle de Tráfego Aéreo (CINDACTA IV), bem como de seus Destacamentos subordinados, conforme condições, quantidades, exigências e estimativas estabelecidas neste instrumento, a ser realizado no dia 30/09/2026, no sistema eletronico de Compras do Governo Federal Comprasnet 4.0, com Horario da Fase de Lances prevista de 10:00h as 16:00h (Horario de Brasilia-DF).</p><p class="assina">SUSAN KELLY PRADO ANDRADE Cel Int</p><p class="cargo">Ordenador de Despesas do GAP-MN</p>;30/09/2026;30/09/2026
http://pesquisa.in.gov.br/imprensa/jsp/visualiza/index.jsp?data=30/09/2026&jornal=530&pagina=19;AVISO DE HOMOLOGAÇÃO;<p>Nº PROCESSO: 67102.260267/2026-24</p><p>HOMOLOGAÇÃO: Ao analisar os procedimentos administrativos realizados pela Comissão Aeronáutica Brasileira em Washington, no processo referenciado, cujo objeto é a escolha da proposta mais vantajosa para a contratação de empresa especializada na prestação de serviços de Seguro Internacional de Transporte de Cargas (Marine Cargo Insurance), por meio de apólice anual aberta (Open Cargo Policy) ou modalidade equivalente, compreendendo cobertura securitária contínua para bens, materiais, equipamentos, componentes aeronáuticos, peças de reposição, materiais militares, produtos classificados como perigosos (HAZMAT), equipamentos eletrônicos, cargas especiais e demais bens patrimoniais pertencentes à União ou sob responsabilidade da Comissão Aeronáutica Brasileira em Washington (CABW), transportados por via marítima, aérea, terrestre acessória e/ou multimodal, em operações internacionais originadas nos Estados Unidos da América com destino ao Brasil ou a outros locais indicados pela Administração, conforme especificações, condições e exigências estabelecidas no Termo de Referência, neste Edital e seus anexos, em conformidade com a Portaria GM-MD nº 5.175, de 2021, resolvo: Homologar o objeto da presente licitação em favor da empresa BAY AREA INSURANCE GROUP LLC, no valor total de US$ 35,000.00.</p><p class="assina">Fábio Ferreira Silva Cel Av</p><p class="cargo">Ordenador de Despesa</p>;30/09/2026;30/09/2026
http://pesquisa.in.gov.br/imprensa/jsp/visualiza/index.jsp?data=30/09/2026&jornal=530&pagina=19;AVISO DE HOMOLOGAÇÃO;<p>Nº PROCESSO: 67102.260214/2026-11</p><p>HOMOLOGAÇÃO: Ao analisar os procedimentos administrativos realizados pela Comissão Aeronáutica Brasileira em Washington, no processo referenciado, cujo objeto é a escolha da proposta mais vantajosa para a contratação de empresa especializada para prestação de serviços contínuos, sob demanda, de agenciamento de viagens, compreendendo a emissão, remarcação e cancelamento de passagens aéreas domésticas e internacionais, mediante requisição formal da Comissão Aeronáutica Brasileira em Washington (CABW), para militares e civis a serviço do Comando da Aeronáutica (COMAER), bem como, quando cabível, seus dependentes em deslocamentos autorizados, pelo prazo inicial de 12 (doze) meses, prorrogável nos termos da legislação aplicável, condições e exigências estabelecidas no Termo de Referência, neste Edital e seus anexos, em conformidade com a Portaria GM-MD nº 5.175, de 2021, resolvo: Homologar o objeto da presente licitação em favor da empresa GLOBO TRAVEL TOURS INC, pela melhor oferta de US$ 0.01.</p><p class="assina">Fábio Ferreira Silva Cel Av</p><p class="cargo">Ordenador de Despesa</p>;30/09/2026;30/09/2026
http://pesquisa.in.gov.br/imprensa/jsp/visualiza/index.jsp?data=30/09/2026&jornal=530&pagina=18;AVISO DE LICITAÇÃO;<p>Modalidade: Pregão 109/2026 / Número do processo: 67261.004095/2026-88 / Objeto: SERVIÇO CONTINUADO DE GERENCIAMENTO DA MANUTENÇÃO PREVENTIVA E CORRETIVA DA FROTA DE VIATURAS E IMPLEMENTOS AGRICOLAS</p><p>Data de início de recebimento de propostas: 30/09/2026, 09:30. Forma de apresentação: Eletrônica</p><p>Data de Abertura: 15/10/2026, 09:30</p><p>Endereço eletrônico do Edital: https://cnetmobile.estaleiro.serpro.gov.br/comprasnet-web/public/compras/acompanhamento-compra?compra=12063805001092026</p><p class="assina">LUANNE MACHADO DA SILVA</p><p class="cargo">p/ Equipe de apoio</p>;30/09/2026;30/09/2026
http://pesquisa.in.gov.br/imprensa/jsp/visualiza/index.jsp?data=30/09/2026&jornal=530&pagina=20;AVISO DE LICITAÇÃO;<p>Modalidade: Pregão 207/2026 / Número do processo: 67437.003652/2026-94 / Objeto: Registro de preços para aquisição de kits de higiene pessoal tipo 2, kits de higiene pessoal odontológico adulto e kits de higiene pessoal odontológico infantil, para atender as necessidades do Hospital de Aeronáutica de Recife (HARF) e da Odontoclínica de Aeronáutica de Recife (OARF).</p><p>Data de início de recebimento de propostas: 30/09/2026, 08:00. Forma de apresentação: Eletrônica</p><p>Data de Abertura: 15/10/2026, 09:00</p><p>Endereço eletrônico do Edital: https://cnetmobile.estaleiro.serpro.gov.br/comprasnet-web/public/compras/acompanhamento-compra?compra=12063205002072026</p><p class="assina">CAROLINA FERREIRA ZERAIK</p><p class="cargo">Agente de contratação</p>;30/09/2026;30/09/2026
http://pesquisa.in.gov.br/imprensa/jsp/visualiza/index.jsp?data=30/09/2026&jornal=530&pagina=20;AVISO DE LICITAÇÃO;<p>Modalidade: Pregão 334/2026 / Número do processo: 67106.004917/2026-13 / Objeto: Aquisição de materiais para fisioterapia e terapia ocupacional para as Organizações de Saúde da Aeronáutica</p><p>Data de início de recebimento de propostas: 30/09/2026, 09:00. Forma de apresentação: Eletrônica</p><p>Data de Abertura: 13/10/2026, 09:00</p><p>Endereço eletrônico do Edital: https://cnetmobile.estaleiro.serpro.gov.br/comprasnet-web/public/compras/acompanhamento-compra?compra=12019505003342026</p><p class="assina">ANDRESSA CAROLINE MARTINS BUARQUE</p><p class="cargo">p/ Equipe de apoio</p>;30/09/2026;30/09/2026
http://pesquisa.in.gov.br/imprensa/jsp/visualiza/index.jsp?data=30/09/2026&jornal=530&pagina=20;AVISO DE LICITAÇÃO;<p>Modalidade: Pregão 202/2026 / Número do processo: 67613.012057/2026-61 / Objeto: Contratação de serviço de lavagem de tanques de combustível dos grupos geradores sob responsabilidade do CINDACTA II</p><p>Data de início de recebimento de propostas: 30/09/2026, 08:00. Forma de apresentação: Eletrônica</p><p>Data de Abertura: 15/10/2026, 09:00</p><p>Endereço eletrônico do Edital: https://cnetmobile.estaleiro.serpro.gov.br/comprasnet-web/public/compras/acompanhamento-compra?compra=12007205002022026</p><p class="assina">MARIANA BARBOSA VILAS BOAS</p><p class="cargo">p/ Equipe de apoio</p>;30/09/2026;30/09/2026
http://pesquisa.in.gov.br/imprensa/jsp/visualiza/index.jsp?data=30/09/2026&jornal=530&pagina=19;AVISO DE LICITAÇÃO;<p>Modalidade: Pregão 409/2026 / Número do processo: 67720.006296/2026-65 / Objeto: Aquisição de distintivos e tarjetas</p><p>Data de início de recebimento de propostas: 30/09/2026, 08:00. Forma de apresentação: Eletrônica</p><p>Data de Abertura: 13/10/2026, 09:00</p><p>Endereço eletrônico do Edital: https://cnetmobile.estaleiro.serpro.gov.br/comprasnet-web/public/compras/acompanhamento-compra?compra=12001605004092026</p><p class="assina">JANAINA CANDIDO SEVERINO</p><p class="cargo">Pregoeiro</p>;30/09/2026;30/09/2026
http://pesquisa.in.gov.br/imprensa/jsp/visualiza/index.jsp?data=30/09/2026&jornal=530&pagina=20;AVISO DE LICITAÇÃO;<p>Modalidade: Pregão 98/2026 / Número do processo: 67230.008555/2025-23 / Objeto: Registro de preços para a aquisição de equipamentos de infraestrutura em geral, para atender às necessidades do Grupamento de Apoio de Recife (GAP-RF) e OM Apoiadas,</p><p>Data de início de recebimento de propostas: 30/09/2026, 08:00. Forma de apresentação: Eletrônica</p><p>Data de Abertura: 13/10/2026, 09:00</p><p>Endereço eletrônico do Edital: https://cnetmobile.estaleiro.serpro.gov.br/comprasnet-web/public/compras/acompanhamento-compra?compra=12063205000982026</p><p class="assina">CAROLINA FERREIRA ZERAIK</p><p class="cargo">Agente de contratação</p>;30/09/2026;30/09/2026
http://pesquisa.in.gov.br/imprensa/jsp/visualiza/index.jsp?data=30/09/2026&jornal=530&pagina=19;AVISO DE LICITAÇÃO;<p>Modalidade: Pregão 124/2026 / Número do processo: 67221.011296/2026- 16 / Objeto: Serviço de outsorcing de impressoras</p><p>Data de início de recebimento de propostas: 30/09/2026, 08:00. Forma de apresentação: Eletrônica</p><p>Data de Abertura: 19/10/2026, 10:00</p><p>Endereço eletrônico do Edital: https://cnetmobile.estaleiro.serpro.gov.br/comprasnet-web/public/compras/acompanhamento-compra?compra=12001405001242026</p><p class="assina">JULIANA BORGES RODRIGUES E RODRIGUES REIS</p><p class="cargo">Auxiliar de Licitação</p>;30/09/2026;30/09/2026
http://pesquisa.in.gov.br/imprensa/jsp/visualiza/index.jsp?data=30/09/2026&jornal=530&pagina=18;AVISO DE LICITAÇÃO;<p>Modalidade: Pregão 293/2026 / Número do processo: 67281.009915/2025-17 / Objeto: Registro de preços para eventual contratação de serviços comuns de engenharia (manutenção e conservação de bens imóveis), a fim de atender as demandas da Base Aérea de Anápolis.</p><p>Data de início de recebimento de propostas: 30/09/2026, 09:30. Forma de apresentação: Eletrônica</p><p>Data de Abertura: 16/10/2026, 09:30</p><p>Endereço eletrônico do Edital: https://cnetmobile.estaleiro.serpro.gov.br/comprasnet-web/public/compras/acompanhamento-compra?compra=12062405002932026</p><p class="assina">LIGIA MARIA DE ALENCAR OLIVEIRA</p><p class="cargo">Ordenador de Despesas</p>;30/09/2026;30/09/2026
http://pesquisa.in.gov.br/imprensa/jsp/visualiza/index.jsp?data=30/09/2026&jornal=530&pagina=18;AVISO DE LICITAÇÃO;<p>Modalidade: Pregão 103/2026 / Número do processo: 67222.005251/2026-94 / Objeto: Contratação de serviço de engenharia de manutenção e reparação da fachada do Bloco 02 do Conjunto Habitacional Albatroz (CHA), sob a responsabilidade administrativa da Prefeitura de Aeronáutica de Natal</p><p>Data de início de recebimento de propostas: 30/09/2026, 08:00. Forma de apresentação: Eletrônica</p><p>Data de Abertura: 29/10/2026, 09:00</p><p>Endereço eletrônico do Edital: https://cnetmobile.estaleiro.serpro.gov.br/comprasnet-web/public/compras/acompanhamento-compra?compra=12063105001032026</p><p class="assina">SILVIA NATALIA SOARES MENEZES DA SILVA</p><p class="cargo">Ordenadora de Despesas</p>;30/09/2026;30/09/2026
http://pesquisa.in.gov.br/imprensa/jsp/visualiza/index.jsp?data=30/09/2026&jornal=530&pagina=19;AVISO DE LICITAÇÃO;<p>Modalidade: Pregão 939/2026 / Número do processo: 67720.005431/2026-55 / Objeto: Aquisição de Equipamentos de Proteção Individual (EPIs) e materiais correlatos de segurança</p><p>Data de início de recebimento de propostas: 30/09/2026, 08:00. Forma de apresentação: Eletrônica</p><p>Data de Abertura: 13/10/2026, 08:00</p><p>Endereço eletrônico do Edital: https://cnetmobile.estaleiro.serpro.gov.br/comprasnet-web/public/compras/acompanhamento-compra?compra=12001605009392026</p><p class="assina">WELLINGTON LUIZ AMERICO DE OLIVEIRA PINTO</p><p class="cargo">Agente de contratação</p>;30/09/2026;30/09/2026
http://pesquisa.in.gov.br/imprensa/jsp/visualiza/index.jsp?data=30/09/2026&jornal=530&pagina=20;AVISO DE LICITAÇÃO;<p>Modalidade: Pregão 175/2026 / Número do processo: 67532.003948/2026-27 / Objeto: Contratação de serviços continuados de limpeza e conservação, com disponibilização de mão de obra em regime de dedicação exclusiva e fornecimento de todo o material de consumo, insumos e equipamentos necessários, às instalações da Guarnição de Aeronáutica de Lagoa Santa conforme condições, quantidades e exigências estabelecidas neste Edital e seus anexos.</p><p>Data de início de recebimento de propostas: 30/09/2026, 08:00. Forma de apresentação: Eletrônica</p><p>Data de Abertura: 15/10/2026, 09:00</p><p>Endereço eletrônico do Edital: https://cnetmobile.estaleiro.serpro.gov.br/comprasnet-web/public/compras/acompanhamento-compra?compra=12063605001752026</p><p class="assina">MOISES LEAL DA ROCHA</p><p class="cargo">Agente de contratação</p>;30/09/2026;30/09/2026
http://pesquisa.in.gov.br/imprensa/jsp/visualiza/index.jsp?data=30/09/2026&jornal=530&pagina=20;AVISO DE LICITAÇÃO;<p>Modalidade: Pregão 182/2026 / Número do processo: 67613.017223/2026-16 / Objeto: Aquisição de Medicamentos para atender ao Grupo de Saúde de Curitiba (GSAU-CT)</p><p>Data de início de recebimento de propostas: 30/09/2026, 08:00. Forma de apresentação: Eletrônica</p><p>Data de Abertura: 14/10/2026, 09:00</p><p>Endereço eletrônico do Edital: https://cnetmobile.estaleiro.serpro.gov.br/comprasnet-web/public/compras/acompanhamento-compra?compra=12007205001822026</p><p class="assina">MARIANA BARBOSA VILAS BOAS</p><p class="cargo">p/ Equipe de apoio</p>;30/09/2026;30/09/2026
http://pesquisa.in.gov.br/imprensa/jsp/visualiza/index.jsp?data=30/09/2026&jornal=530&pagina=18;AVISO DE LICITAÇÃO;<p>Modalidade: Pregão 93/2026 / Número do processo: 67224.002024/2026-97 / Objeto: Aquisição de bens e equipamentos para o CEMCOHA e GSAU-SV.</p><p>Data de início de recebimento de propostas: 30/09/2026, 08:00. Forma de apresentação: Eletrônica</p><p>Data de Abertura: 13/10/2026, 08:00</p><p>Endereço eletrônico do Edital: https://cnetmobile.estaleiro.serpro.gov.br/comprasnet-web/public/compras/acompanhamento-compra?compra=12002305000932026</p><p class="assina">SAULO CALDAS DESOUZART</p><p class="cargo">Ordenador de despesas</p>;30/09/2026;30/09/2026
http://pesquisa.in.gov.br/imprensa/jsp/visualiza/index.jsp?data=30/09/2026&jornal=530&pagina=21;EDITAL DE NOTIFICAÇÃO;<p>A União, por intermédio do Grupamento de Apoio do Galeão, neste ato representado pelo seu Ordenador de Despesas, Coronel Intendente Daniel Paulo de Lira Ribeiro, depois de esgotadas as tentativas de dar ciência à empresa por meio de notificação via remessa postal OY 878 933 846 BR, por estar em local incerto e não sabido para envio de correspondência, vem NOTIFICAR a empresa ERDAN 2009 COMÉRCIO E SERVIÇOS LTDA, CNPJ sob o n° 10.931.514/0001-14, do ARQUIVAMENTO SEM APLICAÇÃO DE SANÇÃO por cumprir com atraso, a entrega do material descrito na Nota de Empenho 2025NE001869, do Pregão nº 90022/GAP-GL/2025, identificado pelo Processo Administrativo de Apuração de Irregularidade (PAAI).</p><p>Assim, fica a empresa notificada para, querendo, realizar interações julgadas oportunas, dirigidas a este Ordenador de Despesas, no endereço Rua Alfredo Rocha, 495 - Ilha do Governador/RJ, CEP 21941-580.</p><p class="assina">DANIEL PAULO DE LIRA RIBEIRO Cel Int</p><p class="cargo">Chefe do Grupamento de Apoio do Galeão</p>;30/09/2026;30/09/2026
http://pesquisa.in.gov.br/imprensa/jsp/visualiza/index.jsp?data=30/09/2026&jornal=530&pagina=19;EDITAL DE NOTIFICAÇÃO;<p>ESPÉCIE: A ESCOLA PREPARATÓRIA DE CADETES DO AR, POR MEIO DE SEU ORDENADOR DE DESPESAS, notifica a empresa DIVINA APARECIDA DOS REIS TEIXEIRA MAIA, inscrita no CNPJ sob o nº 59.058.349/0001-27, não ter enviado as documentações referentes aos itens 19 e 75 da Ata Pública de Realização do Pregão Eletrônico SRP n° 90028/2024, torna-se, consequentemente, a observância do subitem 13.2.1, do referido instrumento convocatório e do Inciso IV Art. 155° da Lei n° 14.133/21, após frustradas tentativas de entrega de correspondência no endereço constante no SICAF e resolve aplicar-lhe a penalidade de advertência, abrindo o prazo para pedido de reconsideração, de no máximo, 15 (quinze) dias úteis, contados da publicação desta notificação em Diário Oficial da União, nos termos do inc. I, art. 156, da Lei nº 14.133/21, subitens 4.4.17, 4.4.18, 4.4.30 a 4.4.32 - Manual Eletrônico de Contratações Públicas do Comando da Aeronáutica (COMAER), consoante com o subitem 13.2.1 do Instrumento Convocatório do referido Pregão Eletrônico.</p><p class="data">Em 29 de setembro de 2026</p><p class="assina">FERNANDA DE CRISTO MARQUES SILVA Ten Cel Int</p><p class="cargo">Ordenadora de Despesas Delegada</p>;30/09/2026;30/09/2026
http://pesquisa.in.gov.br/imprensa/jsp/visualiza/index.jsp?data=30/09/2026&jornal=530&pagina=19;EDITAL DE NOTIFICAÇÃO;<p>ESPÉCIE: A ESCOLA PREPARATÓRIA DE CADETES DO AR, POR MEIO DE SEU ORDENADOR DE DESPESAS, notifica a empresa EMPREENDIMENTO NTM LTDA, inscrita no CNPJ sob o nº 47.620.121/0001-08, não ter enviado as documentações referentes ao item 75 da Ata Pública de Realização do Pregão Eletrônico SRP n° 90028/2024, torna-se, consequentemente, a observância do subitem 13.2.1, do referido instrumento convocatório e do Inciso IV Art. 155° da Lei n° 14.133/21, após frustradas tentativas de entrega de correspondência no endereço constante no SICAF e resolve aplicar-lhe a penalidade de advertência, abrindo o prazo para pedido de reconsideração, de no máximo, 15 (quinze) dias úteis, contados da publicação desta notificação em Diário Oficial da União, nos termos do inc. I, art. 156, da Lei nº 14.133/21, subitens 4.4.17, 4.4.18, 4.4.30 a 4.4.32 - Manual Eletrônico de Contratações Públicas do Comando da Aeronáutica (COMAER), consoante com o subitem 13.2.1 do Instrumento Convocatório do referido Pregão Eletrônico.</p><p class="data">Em 29 de setembro de 2026</p><p class="assina">FERNANDA DE CRISTO MARQUES SILVA Ten Cel Int</p><p class="cargo">Ordenadora de Despesas Delegada</p>;30/09/2026;30/09/2026
http://pesquisa.in.gov.br/imprensa/jsp/visualiza/index.jsp?data=30/09/2026&jornal=530&pagina=20;EXTRATO DE APOSTILAMENTO Nº 2/2026 - UASG 120628;<p>Número do Contrato: 201/2024.</p><p>Nº Processo: 67215.008592/2024-49.</p><p>Contratante: GRUPAMENTO DE APOIO DE BELEM. Contratado: 04.885.398/0001-41 - DIAGNOSTICO POR IMAGENS LTDA. Objeto: Prestação de serviços de assistência laboratorial nas especialidades de laboratório de análises clínicas e anatomias patológicas, toxicológico, raio x digital, mamografia digital, densitometria óssea, ultrassonografia em geral, ultrassonografia intervencionista (us+biopsia), biopsia, punção, doppler colorido, ressonância magnética, tomografia computadorizada, angiotomografia do coração, medicina nuclear (cintilografia), pet-ct hd, eletrocardiograma, mapa, holter, ecocardiograma e teste ergométrico aos usuários do fundo de saúde da aeronáutica. O presente termo de apostilamento tem por finalidade a atualização do valor estimado e reforço da dotação orçamentária em R$ 200.000,00, visando assegurar a continuidade da execução dos serviços credenciados e possibilitar emissão de novos empenhos, sem alteração do objeto. Vigência: 06/12/2024 a 06/12/2034. Valor Total Atualizado do Contrato: R$ 400.000,00. Data de Assinatura: 21/09/2026.</p><p>(COMPRASNET 4.0 - 21/09/2026).</p>;30/09/2026;30/09/2026
http://pesquisa.in.gov.br/imprensa/jsp/visualiza/index.jsp?data=30/09/2026&jornal=530&pagina=20;EXTRATO DE CONTRATO Nº 17/2026 - UASG 120628;<p>Nº Processo: 67215.000222/2026-25.</p><p>Pregão Nº 81/2026. Contratante: GRUPAMENTO DE APOIO DE BELEM.</p><p>Contratado: 10.301.008/0001-41 - DAKAR COMERCIO E SERVICO LTDA. Objeto: Contratação de serviços de coleta, transporte, tratamento e destinação final dos resíduos de saúde, classificados como a, b e e, produzidos no hospital de aeronáutica de belém, na 1ª esquadrilha de saúde do habe (babe) e no 1º posto médico do habe (comara).</p><p>Fundamento Legal: LEI 14.133/2021 - Artigo: 28 - Inciso: I. Vigência: 21/09/2026 a 21/09/2031. Valor Total: R$ 919.800,00. Data de Assinatura: 21/09/2026.</p><p>(COMPRASNET 4.0 - 29/09/2026).</p>;30/09/2026;30/09/2026
http://pesquisa.in.gov.br/imprensa/jsp/visualiza/index.jsp?data=30/09/2026&jornal=530&pagina=18;EXTRATO DE CONTRATO Nº 17/2026 - UASG 120641;<p>Nº Processo: 67293.007066/2025-10.</p><p>Concorrência Nº 63/2026. Contratante: BASE AEREA DE PORTO VELHO.</p><p>Contratado: 05.193.500/0001-00 - CONSTRUMAIS CONSTRUCOES E SERVICOS LTDA. Objeto: O prazo de vigência da contratação é de 210 (duzentos e dez) dias contados da assinatura do contrato, na forma do artigo 105 da lei n° 14.133, de 2021..</p><p>Fundamento Legal: LEI 14.133/2021 - Artigo: 28 - Inciso: II. Vigência: 28/09/2026 a 26/04/2027. Valor Total: R$ 408.311,85. Data de Assinatura: 28/09/2026.</p><p>(COMPRASNET 4.0 - 29/09/2026).</p>;30/09/2026;30/09/2026
http://pesquisa.in.gov.br/imprensa/jsp/visualiza/index.jsp?data=30/09/2026&jornal=530&pagina=18;EXTRATO DE CONTRATO Nº 37/2026 - UASG 120637;<p>Nº Processo: 67291.003782/2025 - 48.</p><p>Pregão Nº 90010/2025. Contratante: BASE AEREA DE BOA VISTA.</p><p>Contratado: 53.385.500/0001-55 - NOVA MESA UTILIDADES LTDA. Objeto: Aquisição de materiais de copa e cozinha.</p><p>Fundamento Legal: LEI 14.133/2021. Vigência: 25/08/2026 a 25/08/2027. Valor Total: R$ 49.521,20. Data de Assinatura: 25/08/2026.</p><p>(COMPRASNET 4.0 - 29/09/2026).</p>;30/09/2026;30/09/2026
http://pesquisa.in.gov.br/imprensa/jsp/visualiza/index.jsp?data=30/09/2026&jornal=530&pagina=21;EXTRATO DE CONTRATO Nº 42/2026 - UASG 120645;<p>Nº Processo: 67107.005549/2026-11.</p><p>Pregão Nº 90017/2025. Contratante: GRUPAMENTO DE APOIO DO GALEAO.</p><p>Contratado: 16.858.835/0001-17 - DECISION TEAM LTDA. Objeto: O objeto do presente instrumento é a contratação de serviços contínuos de manutenção preventiva e corretiva em subestação elétrica para atender às necessidades do parque de material aeronáutico do galeão (pamagl), conforme condições estabelecidas no termo de referência.</p><p>Fundamento Legal: LEI 14.133/2021. Vigência: 09/10/2026 a 08/10/2027. Valor Total: R$ 976.006,45. Data de Assinatura: 18/09/2026.</p><p>(COMPRASNET 4.0 - 29/09/2026).</p>;30/09/2026;30/09/2026
http://pesquisa.in.gov.br/imprensa/jsp/visualiza/index.jsp?data=30/09/2026&jornal=530&pagina=19;EXTRATO DE CREDENCIAMENTO Nº 36/BAFZ - GSAU-FZ/2026 - UASG 120014;<p>Nº Processo: 67221.014321/2026-13.</p><p>Inexigibilidade Nº 160/2026. Contratante: BASE AÉREA DE FORTALEZA.</p><p>Contratado: 03.253.758/0001-20 - COOPCARDIO - COOPERATIVA DOS MEDICOS CIRURGIOES CARDIOVASCULARES E TORACICOS DO CEARA. Objeto: Prestação De Serviços De Assistência Médico-Hospitalar Aos Usuários Do Fundo De Saúde De Aeronáutica (FUNSA). Fundamento Legal: Lei nº 14.133/2021 - Artigo: 74 - Inciso: IV. Vigência: 29/09/2026 a 29/09/2036. Valor Total: R$ 1.000.000,00. Data de Assinatura: 29/09/2026.</p><p>(COMPRASNET 4.0 - 29/09/2026).</p>;30/09/2026;30/09/2026
http://pesquisa.in.gov.br/imprensa/jsp/visualiza/index.jsp?data=30/09/2026&jornal=530&pagina=19;EXTRATO DE TERMO ADITIVO;<p>CONTRATO 023/CABW/2023</p><p>ESPÉCIE: Segundo Termo Aditivo de Contrato CONTRATANTE: Comissão Aeronáutica Brasileira em Washington (CABW) CONTRATADA: CAE Civil Aviation Training Solutions, Inc. N. PROCESSO: 67102.230670/2023-86 N. DO CONTRATO: 023/CABW/2023 ORIGEM: Pregão Presencial nº 230670/CABW/2023 OBJETO: Prorrogação da prestação de serviço de locação de 280 horas "DRY" de treinamento em equipamento de simulador de voo da aeronave VC-2 (EMB 190/195), por mais 12 meses adicionais. VALOR ESTIMADO DO TERMO: US$ 126.700,00 NATUREZA DE DESPESA: 33.90.39 DATA DE ASSINATURA DO TERMO ADITIVO: 29/09/2026 VIGÊNCIA: 06/01/2027 a 05/01/2028.</p>;30/09/2026;30/09/2026
http://pesquisa.in.gov.br/imprensa/jsp/visualiza/index.jsp?data=30/09/2026&jornal=530&pagina=21;EXTRATO DE TERMO ADITIVO Nº 1/2025 - UASG 120632;<p>Número do Contrato: 38/2025.</p><p>Nº Processo: 67437.008471/2024-92.</p><p>Pregão. Nº 90031/2025. Contratante: HOSPITAL DE AERONÁUTICA DE RECIFE. Contratado: 03.982.764/0001-18 - JAF CONSERVADORA E ADMINISTRAÇÃO DE CONDOMÍNIO LTDA. Objeto: O contratante pagará ao contratado pela execução do objeto deste contrato o valor mensal de R$ 279.005,20 (duzentos e setenta e nove mil, cinco reais e vinte centavos), totalizando o valor global de R$ 3.348.062,40 (três milhões, trezentos e quarenta e oito mil, sessenta e dois reais e quarenta centavos), conforme descrito na cláusula primeira do contrato.. Vigência: 29/09/2026 a 11/11/2026. Valor Total Atualizado do Contrato: R$ 3.348.062,40. Data de Assinatura: 29/09/2026.</p><p>(COMPRASNET 4.0 - 29/09/2026).</p>;30/09/2026;30/09/2026
http://pesquisa.in.gov.br/imprensa/jsp/visualiza/index.jsp?data=30/09/2026&jornal=530&pagina=21;EXTRATO DE TERMO ADITIVO Nº 1/2025 - UASG 120632;<p>Número do Contrato: 34/2024.</p><p>Nº Processo: 67437.001527/2024-88.</p><p>Pregão. Nº 90021/2024. Contratante: GRUPAMENTO DE APOIO DE RECIFE. Contratado: 11.863.530/0001-80 - BRASCON GESTÃO AMBIENTAL LTDA. Objeto: Prorrogar por 12 (doze) meses o prazo de vigência do contrato nº 034/GAPRF-HARF/2024, contemplando desta feita o período de 06 de dezembro de 2025 a 12 de dezembro de 2026, nos termos do artigo 107 da lei nº 14.133/2021 e nas cláusula 2ª do referido contrato. Reajustar o valor contratual com base no índice nacional de preços ao consumidor amplo (IPCA), observando o interregno legal de 12 (doze) meses da data de orçamento e considerando a aplicação de todos os reajustes previstos no contrato, passando o valor total do contrato de R$ 49.500,00 (quarenta e nove mil e quinhentos) para R$ 52.144,57 (cinquenta e dois mil cento e quarenta e quatro reais e cinquenta e sete centavos), o valor do kg de lixo coletado de R$ 2,07 (dois reais e sete centavos) para R$ 2,18 (dois reais e dezoito centavos), a contar de dez/2025, num percentual de 5,172370 %, conforme índice, com fundamento no Art. 25 § 7º da Lei n° 14.133/21 e cláusula 7º do referido contrato.. Vigência: 06/12/2025 a 06/12/2026. Valor Total Atualizado do Contrato: R$ 52.144,57. Data de Assinatura: 06/12/2025.</p><p>(COMPRASNET 4.0 - 06/12/2025).</p>;30/09/2026;30/09/2026
http://pesquisa.in.gov.br/imprensa/jsp/visualiza/index.jsp?data=30/09/2026&jornal=530&pagina=21;EXTRATO DE TERMO ADITIVO Nº 1/2026 - UASG 120645;<p>Número do Contrato: 42/2025.</p><p>Nº Processo: 67107.004943/2024-70.</p><p>Pregão. Nº 90021/2024. Contratante: GRUPAMENTO DE APOIO DO GALEAO. Contratado: 07.834.090/0001-65 - DEDETEC SERVICOS DE IMUNIZACAO LTDA. Objeto: O presente termo aditivo tem por objeto a prorrogação do prazo de vigência do contrato por</p><p>mais 12 (doze) meses, a partir de 24/09/2026 a 23/09/2027, podendo ser prorrogado</p><p>sucessivamente, respeitada a vigência máxima decenal, na forma do artigo 107 da lei nº 14.133,</p><p>de 2021. Vigência: 24/09/2026 a 23/09/2027. Valor Total Atualizado do Contrato: R$ 3.240.117,27. Data de Assinatura: 14/09/2026.</p><p>(COMPRASNET 4.0 - 14/09/2026).</p>;30/09/2026;30/09/2026
http://pesquisa.in.gov.br/imprensa/jsp/visualiza/index.jsp?data=30/09/2026&jornal=530&pagina=21;EXTRATO DE TERMO ADITIVO Nº 2/2026 - UASG 120645;<p>Número do Contrato: 91/2024.</p><p>Nº Processo: 67107.007990/2024-75.</p><p>Pregão. Nº 90025/2024. Contratante: GRUPAMENTO DE APOIO DO GALEAO. Contratado: 08.454.836/0001-78 - LANDTEC CONSULTORIA AMBIENTAL E SERVICOS DE CONSTRUCAO CIVIL LTDA. Objeto: O presente termo aditivo tem por objeto a prorrogação do prazo de vigência do contrato por mais 12 (doze) meses, a partir de 01/11/2026 até 31/10/2027, podendo ser prorrogado sucessivamente, respeitada a vigência máxima decenal, na forma do artigo 107 da lei nº 14.133, de 2021.. Vigência: 01/11/2026 a 31/10/2027. Valor Total Atualizado do Contrato: R$ 46.967,97. Data de Assinatura: 11/09/2026.</p><p>(COMPRASNET 4.0 - 11/09/2026).</p>;30/09/2026;30/09/2026
http://pesquisa.in.gov.br/imprensa/jsp/visualiza/index.jsp?data=30/09/2026&jornal=530&pagina=19;EXTRATO DE TERMO ADITIVO Nº 3/2026 - UASG 120064;<p>Número do Contrato: 39/2023.</p><p>Nº Processo: 67540.006419/2023-33.</p><p>Inexigibilidade. Nº 25/2023. Contratante: ESCOLA DE ESPECIALISTAS DE AERONAUTICA. Contratado: 52.704.921/0001-39 - SIMPRO PUBLICACOES E TELEPROCESSAMENTO LTDA. Objeto: Prorrogar o prazo de vigência por mais 12 meses e reajustar em 1,97%, de acordo com a proposta da contratada, a contratação de sistema videofarma banco de dados (SIMPRO) com atualização semanal e consulta via internet para 05 terminais e validade de 12 meses, para o Grupo de Saúde de Guaratinguetá (GSAU-GW). Vigência: 18/09/2026 a 18/09/2027. Valor Total Atualizado do Contrato: R$ 5.825,49. Data de Assinatura: 09/09/2026.</p><p>(COMPRASNET 4.0 - 09/09/2026).</p>;30/09/2026;30/09/2026
http://pesquisa.in.gov.br/imprensa/jsp/visualiza/index.jsp?data=30/09/2026&jornal=530&pagina=21;EXTRATO DE TERMO ADITIVO Nº 3/2026 - UASG 120645;<p>Número do Contrato: 32/2023.</p><p>Nº Processo: 67107.007193/2023-15.</p><p>Pregão. Nº 90/2022. Contratante: GRUPAMENTO DE APOIO DO GALEAO. Contratado: 07.493.769/0001-38 - GELAR DA VILA REFRIGERACAO E SERVICOS LTDA. Objeto: Prorrogar o prazo da vigência do contrato nº 032/gapgl/2023, por 12</p><p>(doze) meses, contemplando-se, nesta ocasião, o período de 19/09/2026 a</p><p>18/09/2027, nos termos do art. 57, ii, da lei n.º 8.666, de 1993. Vigência: 19/09/2026 a 18/09/2027. Valor Total Atualizado do Contrato: R$ 516.392,60. Data de Assinatura: 18/09/2026.</p><p>(COMPRASNET 4.0 - 18/09/2026).</p>;30/09/2026;30/09/2026
http://pesquisa.in.gov.br/imprensa/jsp/visualiza/index.jsp?data=30/09/2026&jornal=530&pagina=20;EXTRATO DE TERMO ADITIVO Nº 4/2026 - UASG 120006;<p>Número do Contrato: 14/2022.</p><p>Nº Processo: 67284.002209/2022-63.</p><p>Pregão. Nº 41/2022. Contratante: A União, por intermédio do GRUPAMENTO DE APOIO DE BRASILIA. Contratado: 00.000.000/0001-91 - BANCO DO BRASIL SA. Objeto: Objeto do presente instrumento é prorrogar o prazo da vigência do Contrato de Receita nº 014/GAP-BR/2022, por 12 (doze) meses, contemplando-se, nesta ocasião, o período de 2 de setembro de 2026 a 1º de setembro de 2027, nos termos da alínea "a", item 9.3.2.1, da Portaria Dirinfra n° 48/ANCN, de 7 de março de 2022 e cláusula 6ª do contrato em epígrafe.</p><p>(COMPRASNET 4.0 - 28/08/2026).</p>;30/09/2026;30/09/2026
http://pesquisa.in.gov.br/imprensa/jsp/visualiza/index.jsp?data=30/09/2026&jornal=530&pagina=18;EXTRATO DO 1º TERMO DE APOSTILAMENTO AO CONTRATO DE CESSÃO DE USO GRATUITO Nº 6/BANT/2025;<p>Nº Processo: 67222.002639/2025-52.</p><p>Contratante: BASE AÉREA DE NATAL. Contratado: 08.241.739/0001-05 - ESTADO DO RIO GRANDE DO NORTE. Objeto: Ordem de suspensão da vigência contratual por 180 (cento e oitenta) dias, a contar de 22/05/2026. Fundamento Legal: Lei nº 14.133/21 e Parecer Técnico nº 001/BANT/2026, de 20/05/2026. Data de Assinatura: 22/05/2026.</p><p>(COMPRASNET 4.0 - 22/05/2026).</p>;30/09/2026;30/09/2026
